tipo	,	nombre	,	cantidad	,	costo	,	precio	,	fecha
1	,	Producto1	,	10	,	1000.1	,	0	,	02/02/2000
2	,	Producto2	,	11	,	2500.25	,	0	,	11/07/2010
3	,	Producto3	,	12	,	355.36	,	0	,	21/02/2012
4	,	Producto4	,	13	,	1542.25	,	0	,	01/03/2013
1	,	Producto5	,	14	,	5521.47	,	0	,	02/02/2000
2	,	Producto6	,	15	,	1000.1	,	0	,	11/07/2010
3	,	Producto7	,	16	,	2500.25	,	0	,	21/02/2012
4	,	Producto8	,	17	,	355.36	,	0	,	01/03/2013
1	,	Producto9	,	18	,	1542.25	,	0	,	02/02/2000
2	,	Producto10	,	19	,	5521.47	,	0	,	11/07/2010
3	,	Producto11	,	20	,	1000.1	,	0	,	21/02/2012
4	,	Producto12	,	21	,	2500.25	,	0	,	01/03/2013
1	,	Producto13	,	22	,	355.36	,	0	,	02/02/2000
2	,	Producto14	,	23	,	1542.25	,	0	,	11/07/2010
3	,	Producto15	,	24	,	5521.47	,	0	,	21/02/2012
4	,	Producto16	,	25	,	1000.1	,	0	,	01/03/2013
1	,	Producto17	,	26	,	2500.25	,	0	,	02/02/2000
2	,	Producto18	,	27	,	355.36	,	0	,	11/07/2010
3	,	Producto19	,	28	,	1542.25	,	0	,	21/02/2012
4	,	Producto20	,	29	,	5521.47	,	0	,	01/03/2013
1	,	Producto21	,	30	,	1000.1	,	0	,	02/02/2000
2	,	Producto22	,	31	,	2500.25	,	0	,	11/07/2010
3	,	Producto23	,	32	,	355.36	,	0	,	21/02/2012
4	,	Producto24	,	33	,	1542.25	,	0	,	01/03/2013
1	,	Producto25	,	34	,	5521.47	,	0	,	02/02/2000
2	,	Producto26	,	35	,	1000.1	,	0	,	11/07/2010
3	,	Producto27	,	36	,	2500.25	,	0	,	21/02/2012
4	,	Producto28	,	37	,	355.36	,	0	,	01/03/2013
1	,	Producto29	,	38	,	1542.25	,	0	,	02/02/2000
2	,	Producto30	,	39	,	5521.47	,	0	,	11/07/2010
3	,	Producto31	,	40	,	1000.1	,	0	,	21/02/2012
4	,	Producto32	,	41	,	2500.25	,	0	,	01/03/2013
1	,	Producto33	,	42	,	355.36	,	0	,	02/02/2000
2	,	Producto34	,	43	,	1542.25	,	0	,	11/07/2010
3	,	Producto35	,	44	,	5521.47	,	0	,	21/02/2012
4	,	Producto36	,	45	,	1000.1	,	0	,	01/03/2013
1	,	Producto37	,	46	,	2500.25	,	0	,	02/02/2000
2	,	Producto38	,	47	,	355.36	,	0	,	11/07/2010
3	,	Producto39	,	48	,	1542.25	,	0	,	21/02/2012
4	,	Producto40	,	49	,	5521.47	,	0	,	01/03/2013
1	,	Producto41	,	50	,	1000.1	,	0	,	02/02/2000
2	,	Producto42	,	51	,	2500.25	,	0	,	11/07/2010
3	,	Producto43	,	52	,	355.36	,	0	,	21/02/2012
4	,	Producto44	,	53	,	1542.25	,	0	,	01/03/2013
1	,	Producto45	,	54	,	5521.47	,	0	,	02/02/2000
2	,	Producto46	,	55	,	1000.1	,	0	,	11/07/2010
3	,	Producto47	,	56	,	2500.25	,	0	,	21/02/2012
4	,	Producto48	,	57	,	355.36	,	0	,	01/03/2013
1	,	Producto49	,	58	,	1542.25	,	0	,	02/02/2000
2	,	Producto50	,	59	,	5521.47	,	0	,	11/07/2010
3	,	Producto51	,	60	,	1000.1	,	0	,	21/02/2012
4	,	Producto52	,	61	,	2500.25	,	0	,	01/03/2013
1	,	Producto53	,	62	,	355.36	,	0	,	02/02/2000
2	,	Producto54	,	63	,	1542.25	,	0	,	11/07/2010
3	,	Producto55	,	64	,	5521.47	,	0	,	21/02/2012
4	,	Producto56	,	65	,	1000.1	,	0	,	01/03/2013
1	,	Producto57	,	66	,	2500.25	,	0	,	02/02/2000
2	,	Producto58	,	67	,	355.36	,	0	,	11/07/2010
3	,	Producto59	,	68	,	1542.25	,	0	,	21/02/2012
4	,	Producto60	,	69	,	5521.47	,	0	,	01/03/2013
1	,	Producto61	,	70	,	1000.1	,	0	,	02/02/2000
2	,	Producto62	,	71	,	2500.25	,	0	,	11/07/2010
3	,	Producto63	,	72	,	355.36	,	0	,	21/02/2012
4	,	Producto64	,	73	,	1542.25	,	0	,	01/03/2013
1	,	Producto65	,	74	,	5521.47	,	0	,	02/02/2000
2	,	Producto66	,	75	,	1000.1	,	0	,	11/07/2010
3	,	Producto67	,	76	,	2500.25	,	0	,	21/02/2012
4	,	Producto68	,	77	,	355.36	,	0	,	01/03/2013
1	,	Producto69	,	78	,	1542.25	,	0	,	02/02/2000
2	,	Producto70	,	79	,	5521.47	,	0	,	11/07/2010
3	,	Producto71	,	80	,	1000.1	,	0	,	21/02/2012
4	,	Producto72	,	81	,	2500.25	,	0	,	01/03/2013
1	,	Producto73	,	82	,	355.36	,	0	,	02/02/2000
2	,	Producto74	,	83	,	1542.25	,	0	,	11/07/2010
3	,	Producto75	,	84	,	5521.47	,	0	,	21/02/2012
4	,	Producto76	,	85	,	1000.1	,	0	,	01/03/2013
1	,	Producto77	,	86	,	2500.25	,	0	,	02/02/2000
2	,	Producto78	,	87	,	355.36	,	0	,	11/07/2010
3	,	Producto79	,	88	,	1542.25	,	0	,	21/02/2012
4	,	Producto80	,	89	,	5521.47	,	0	,	01/03/2013
1	,	Producto81	,	90	,	1000.1	,	0	,	02/02/2000
2	,	Producto82	,	91	,	2500.25	,	0	,	11/07/2010
3	,	Producto83	,	92	,	355.36	,	0	,	21/02/2012
4	,	Producto84	,	93	,	1542.25	,	0	,	01/03/2013
1	,	Producto85	,	94	,	5521.47	,	0	,	02/02/2000
2	,	Producto86	,	95	,	1000.1	,	0	,	11/07/2010
3	,	Producto87	,	96	,	2500.25	,	0	,	21/02/2012
4	,	Producto88	,	97	,	355.36	,	0	,	01/03/2013
1	,	Producto89	,	98	,	1542.25	,	0	,	02/02/2000
2	,	Producto90	,	99	,	5521.47	,	0	,	11/07/2010
3	,	Producto91	,	100	,	1000.1	,	0	,	21/02/2012
4	,	Producto92	,	101	,	2500.25	,	0	,	01/03/2013
1	,	Producto93	,	102	,	355.36	,	0	,	02/02/2000
2	,	Producto94	,	103	,	1542.25	,	0	,	11/07/2010
3	,	Producto95	,	104	,	5521.47	,	0	,	21/02/2012
4	,	Producto96	,	105	,	1000.1	,	0	,	01/03/2013
1	,	Producto97	,	106	,	2500.25	,	0	,	02/02/2000
2	,	Producto98	,	107	,	355.36	,	0	,	11/07/2010
3	,	Producto99	,	108	,	1542.25	,	0	,	21/02/2012
4	,	Producto100	,	109	,	5521.47	,	0	,	01/03/2013
1	,	Producto101	,	110	,	1000.1	,	0	,	02/02/2000
2	,	Producto102	,	111	,	2500.25	,	0	,	11/07/2010
3	,	Producto103	,	112	,	355.36	,	0	,	21/02/2012
4	,	Producto104	,	113	,	1542.25	,	0	,	01/03/2013
1	,	Producto105	,	114	,	5521.47	,	0	,	02/02/2000
2	,	Producto106	,	115	,	1000.1	,	0	,	11/07/2010
3	,	Producto107	,	116	,	2500.25	,	0	,	21/02/2012
4	,	Producto108	,	117	,	355.36	,	0	,	01/03/2013
1	,	Producto109	,	118	,	1542.25	,	0	,	02/02/2000
2	,	Producto110	,	119	,	5521.47	,	0	,	11/07/2010
3	,	Producto111	,	120	,	1000.1	,	0	,	21/02/2012
4	,	Producto112	,	121	,	2500.25	,	0	,	01/03/2013
1	,	Producto113	,	122	,	355.36	,	0	,	02/02/2000
2	,	Producto114	,	123	,	1542.25	,	0	,	11/07/2010
3	,	Producto115	,	124	,	5521.47	,	0	,	21/02/2012
4	,	Producto116	,	125	,	1000.1	,	0	,	01/03/2013
1	,	Producto117	,	126	,	2500.25	,	0	,	02/02/2000
2	,	Producto118	,	127	,	355.36	,	0	,	11/07/2010
3	,	Producto119	,	128	,	1542.25	,	0	,	21/02/2012
4	,	Producto120	,	129	,	5521.47	,	0	,	01/03/2013
1	,	Producto121	,	130	,	1000.1	,	0	,	02/02/2000
2	,	Producto122	,	131	,	2500.25	,	0	,	11/07/2010
3	,	Producto123	,	132	,	355.36	,	0	,	21/02/2012
4	,	Producto124	,	133	,	1542.25	,	0	,	01/03/2013
1	,	Producto125	,	134	,	5521.47	,	0	,	02/02/2000
2	,	Producto126	,	135	,	1000.1	,	0	,	11/07/2010
3	,	Producto127	,	136	,	2500.25	,	0	,	21/02/2012
4	,	Producto128	,	137	,	355.36	,	0	,	01/03/2013
1	,	Producto129	,	138	,	1542.25	,	0	,	02/02/2000
2	,	Producto130	,	139	,	5521.47	,	0	,	11/07/2010
3	,	Producto131	,	140	,	1000.1	,	0	,	21/02/2012
4	,	Producto132	,	141	,	2500.25	,	0	,	01/03/2013
1	,	Producto133	,	142	,	355.36	,	0	,	02/02/2000
2	,	Producto134	,	143	,	1542.25	,	0	,	11/07/2010
3	,	Producto135	,	144	,	5521.47	,	0	,	21/02/2012
4	,	Producto136	,	145	,	1000.1	,	0	,	01/03/2013
1	,	Producto137	,	146	,	2500.25	,	0	,	02/02/2000
2	,	Producto138	,	147	,	355.36	,	0	,	11/07/2010
3	,	Producto139	,	148	,	1542.25	,	0	,	21/02/2012
4	,	Producto140	,	149	,	5521.47	,	0	,	01/03/2013
1	,	Producto141	,	150	,	1000.1	,	0	,	02/02/2000
2	,	Producto142	,	151	,	2500.25	,	0	,	11/07/2010
3	,	Producto143	,	152	,	355.36	,	0	,	21/02/2012
4	,	Producto144	,	153	,	1542.25	,	0	,	01/03/2013
1	,	Producto145	,	154	,	5521.47	,	0	,	02/02/2000
2	,	Producto146	,	155	,	1000.1	,	0	,	11/07/2010
3	,	Producto147	,	156	,	2500.25	,	0	,	21/02/2012
4	,	Producto148	,	157	,	355.36	,	0	,	01/03/2013
1	,	Producto149	,	158	,	1542.25	,	0	,	02/02/2000
2	,	Producto150	,	159	,	5521.47	,	0	,	11/07/2010
3	,	Producto151	,	160	,	1000.1	,	0	,	21/02/2012
4	,	Producto152	,	161	,	2500.25	,	0	,	01/03/2013
1	,	Producto153	,	162	,	355.36	,	0	,	02/02/2000
2	,	Producto154	,	163	,	1542.25	,	0	,	11/07/2010
3	,	Producto155	,	164	,	5521.47	,	0	,	21/02/2012
4	,	Producto156	,	165	,	1000.1	,	0	,	01/03/2013
1	,	Producto157	,	166	,	2500.25	,	0	,	02/02/2000
2	,	Producto158	,	167	,	355.36	,	0	,	11/07/2010
3	,	Producto159	,	168	,	1542.25	,	0	,	21/02/2012
4	,	Producto160	,	169	,	5521.47	,	0	,	01/03/2013
1	,	Producto161	,	170	,	1000.1	,	0	,	02/02/2000
2	,	Producto162	,	171	,	2500.25	,	0	,	11/07/2010
3	,	Producto163	,	172	,	355.36	,	0	,	21/02/2012
4	,	Producto164	,	173	,	1542.25	,	0	,	01/03/2013
1	,	Producto165	,	174	,	5521.47	,	0	,	02/02/2000
2	,	Producto166	,	175	,	1000.1	,	0	,	11/07/2010
3	,	Producto167	,	176	,	2500.25	,	0	,	21/02/2012
4	,	Producto168	,	177	,	355.36	,	0	,	01/03/2013
1	,	Producto169	,	178	,	1542.25	,	0	,	02/02/2000
2	,	Producto170	,	179	,	5521.47	,	0	,	11/07/2010
3	,	Producto171	,	180	,	1000.1	,	0	,	21/02/2012
4	,	Producto172	,	181	,	2500.25	,	0	,	01/03/2013
1	,	Producto173	,	182	,	355.36	,	0	,	02/02/2000
2	,	Producto174	,	183	,	1542.25	,	0	,	11/07/2010
3	,	Producto175	,	184	,	5521.47	,	0	,	21/02/2012
4	,	Producto176	,	185	,	1000.1	,	0	,	01/03/2013
1	,	Producto177	,	186	,	2500.25	,	0	,	02/02/2000
2	,	Producto178	,	187	,	355.36	,	0	,	11/07/2010
3	,	Producto179	,	188	,	1542.25	,	0	,	21/02/2012
4	,	Producto180	,	189	,	5521.47	,	0	,	01/03/2013
1	,	Producto181	,	190	,	1000.1	,	0	,	02/02/2000
2	,	Producto182	,	191	,	2500.25	,	0	,	11/07/2010
3	,	Producto183	,	192	,	355.36	,	0	,	21/02/2012
4	,	Producto184	,	193	,	1542.25	,	0	,	01/03/2013
1	,	Producto185	,	194	,	5521.47	,	0	,	02/02/2000
2	,	Producto186	,	195	,	1000.1	,	0	,	11/07/2010
3	,	Producto187	,	196	,	2500.25	,	0	,	21/02/2012
4	,	Producto188	,	197	,	355.36	,	0	,	01/03/2013
1	,	Producto189	,	198	,	1542.25	,	0	,	02/02/2000
2	,	Producto190	,	199	,	5521.47	,	0	,	11/07/2010
3	,	Producto191	,	200	,	1000.1	,	0	,	21/02/2012
4	,	Producto192	,	201	,	2500.25	,	0	,	01/03/2013
1	,	Producto193	,	202	,	355.36	,	0	,	02/02/2000
2	,	Producto194	,	203	,	1542.25	,	0	,	11/07/2010
3	,	Producto195	,	204	,	5521.47	,	0	,	21/02/2012
4	,	Producto196	,	205	,	1000.1	,	0	,	01/03/2013
1	,	Producto197	,	206	,	2500.25	,	0	,	02/02/2000
2	,	Producto198	,	207	,	355.36	,	0	,	11/07/2010
3	,	Producto199	,	208	,	1542.25	,	0	,	21/02/2012
1	,	Producto200	,	209	,	5521.47	,	0	,	01/03/2013
2	,	Producto201	,	210	,	1000.1	,	0	,	02/02/2000
3	,	Producto202	,	211	,	2500.25	,	0	,	11/07/2010
4	,	Producto203	,	212	,	355.36	,	0	,	21/02/2012
1	,	Producto204	,	213	,	1542.25	,	0	,	01/03/2013
2	,	Producto205	,	214	,	5521.47	,	0	,	02/02/2000
3	,	Producto206	,	215	,	1000.1	,	0	,	11/07/2010
4	,	Producto207	,	216	,	2500.25	,	0	,	21/02/2012
1	,	Producto208	,	217	,	355.36	,	0	,	01/03/2013
2	,	Producto209	,	218	,	1542.25	,	0	,	02/02/2000
3	,	Producto210	,	219	,	5521.47	,	0	,	11/07/2010
4	,	Producto211	,	220	,	1000.1	,	0	,	21/02/2012
1	,	Producto212	,	221	,	2500.25	,	0	,	01/03/2013
2	,	Producto213	,	222	,	355.36	,	0	,	02/02/2000
3	,	Producto214	,	223	,	1542.25	,	0	,	11/07/2010
4	,	Producto215	,	224	,	5521.47	,	0	,	21/02/2012
1	,	Producto216	,	225	,	1000.1	,	0	,	01/03/2013
2	,	Producto217	,	226	,	2500.25	,	0	,	02/02/2000
3	,	Producto218	,	227	,	355.36	,	0	,	11/07/2010
4	,	Producto219	,	228	,	1542.25	,	0	,	21/02/2012
1	,	Producto220	,	229	,	5521.47	,	0	,	01/03/2013
2	,	Producto221	,	230	,	1000.1	,	0	,	02/02/2000
3	,	Producto222	,	231	,	2500.25	,	0	,	11/07/2010
4	,	Producto223	,	232	,	355.36	,	0	,	21/02/2012
1	,	Producto224	,	233	,	1542.25	,	0	,	01/03/2013
2	,	Producto225	,	234	,	5521.47	,	0	,	02/02/2000
3	,	Producto226	,	235	,	1000.1	,	0	,	11/07/2010
4	,	Producto227	,	236	,	2500.25	,	0	,	21/02/2012
1	,	Producto228	,	237	,	355.36	,	0	,	01/03/2013
2	,	Producto229	,	238	,	1542.25	,	0	,	02/02/2000
3	,	Producto230	,	239	,	5521.47	,	0	,	11/07/2010
4	,	Producto231	,	240	,	1000.1	,	0	,	21/02/2012
1	,	Producto232	,	241	,	2500.25	,	0	,	01/03/2013
2	,	Producto233	,	242	,	355.36	,	0	,	02/02/2000
3	,	Producto234	,	243	,	1542.25	,	0	,	11/07/2010
4	,	Producto235	,	244	,	5521.47	,	0	,	21/02/2012
1	,	Producto236	,	245	,	1000.1	,	0	,	01/03/2013
2	,	Producto237	,	246	,	2500.25	,	0	,	02/02/2000
3	,	Producto238	,	247	,	355.36	,	0	,	11/07/2010
4	,	Producto239	,	248	,	1542.25	,	0	,	21/02/2012
1	,	Producto240	,	249	,	5521.47	,	0	,	01/03/2013
2	,	Producto241	,	250	,	1000.1	,	0	,	02/02/2000
3	,	Producto242	,	251	,	2500.25	,	0	,	11/07/2010
4	,	Producto243	,	252	,	355.36	,	0	,	21/02/2012
1	,	Producto244	,	253	,	1542.25	,	0	,	01/03/2013
2	,	Producto245	,	254	,	5521.47	,	0	,	02/02/2000
3	,	Producto246	,	255	,	1000.1	,	0	,	11/07/2010
4	,	Producto247	,	256	,	2500.25	,	0	,	21/02/2012
1	,	Producto248	,	257	,	355.36	,	0	,	01/03/2013
2	,	Producto249	,	258	,	1542.25	,	0	,	02/02/2000
3	,	Producto250	,	259	,	5521.47	,	0	,	11/07/2010
4	,	Producto251	,	260	,	1000.1	,	0	,	21/02/2012
1	,	Producto252	,	261	,	2500.25	,	0	,	01/03/2013
2	,	Producto253	,	262	,	355.36	,	0	,	02/02/2000
3	,	Producto254	,	263	,	1542.25	,	0	,	11/07/2010
4	,	Producto255	,	264	,	5521.47	,	0	,	21/02/2012
1	,	Producto256	,	265	,	1000.1	,	0	,	01/03/2013
2	,	Producto257	,	266	,	2500.25	,	0	,	02/02/2000
3	,	Producto258	,	267	,	355.36	,	0	,	11/07/2010
4	,	Producto259	,	268	,	1542.25	,	0	,	21/02/2012
1	,	Producto260	,	269	,	5521.47	,	0	,	01/03/2013
2	,	Producto261	,	270	,	1000.1	,	0	,	02/02/2000
3	,	Producto262	,	271	,	2500.25	,	0	,	11/07/2010
4	,	Producto263	,	272	,	355.36	,	0	,	21/02/2012
1	,	Producto264	,	273	,	1542.25	,	0	,	01/03/2013
2	,	Producto265	,	274	,	5521.47	,	0	,	02/02/2000
3	,	Producto266	,	275	,	1000.1	,	0	,	11/07/2010
4	,	Producto267	,	276	,	2500.25	,	0	,	21/02/2012
1	,	Producto268	,	277	,	355.36	,	0	,	01/03/2013
2	,	Producto269	,	278	,	1542.25	,	0	,	02/02/2000
3	,	Producto270	,	279	,	5521.47	,	0	,	11/07/2010
4	,	Producto271	,	280	,	1000.1	,	0	,	21/02/2012
1	,	Producto272	,	281	,	2500.25	,	0	,	01/03/2013
2	,	Producto273	,	282	,	355.36	,	0	,	02/02/2000
3	,	Producto274	,	283	,	1542.25	,	0	,	11/07/2010
4	,	Producto275	,	284	,	5521.47	,	0	,	21/02/2012
1	,	Producto276	,	285	,	1000.1	,	0	,	01/03/2013
2	,	Producto277	,	286	,	2500.25	,	0	,	02/02/2000
3	,	Producto278	,	287	,	355.36	,	0	,	11/07/2010
4	,	Producto279	,	288	,	1542.25	,	0	,	21/02/2012
1	,	Producto280	,	289	,	5521.47	,	0	,	01/03/2013
2	,	Producto281	,	290	,	1000.1	,	0	,	02/02/2000
3	,	Producto282	,	291	,	2500.25	,	0	,	11/07/2010
4	,	Producto283	,	292	,	355.36	,	0	,	21/02/2012
1	,	Producto284	,	293	,	1542.25	,	0	,	01/03/2013
2	,	Producto285	,	294	,	5521.47	,	0	,	02/02/2000
3	,	Producto286	,	295	,	1000.1	,	0	,	11/07/2010
4	,	Producto287	,	296	,	2500.25	,	0	,	21/02/2012
1	,	Producto288	,	297	,	355.36	,	0	,	01/03/2013
2	,	Producto289	,	298	,	1542.25	,	0	,	02/02/2000
3	,	Producto290	,	299	,	5521.47	,	0	,	11/07/2010
4	,	Producto291	,	300	,	1000.1	,	0	,	21/02/2012
1	,	Producto292	,	301	,	2500.25	,	0	,	01/03/2013
2	,	Producto293	,	302	,	355.36	,	0	,	02/02/2000
3	,	Producto294	,	303	,	1542.25	,	0	,	11/07/2010
4	,	Producto295	,	304	,	5521.47	,	0	,	21/02/2012
1	,	Producto296	,	305	,	1000.1	,	0	,	01/03/2013
2	,	Producto297	,	306	,	2500.25	,	0	,	02/02/2000
3	,	Producto298	,	307	,	355.36	,	0	,	11/07/2010
4	,	Producto299	,	308	,	1542.25	,	0	,	21/02/2012
1	,	Producto300	,	309	,	5521.47	,	0	,	01/03/2013
2	,	Producto301	,	310	,	1000.1	,	0	,	02/02/2000
3	,	Producto302	,	311	,	2500.25	,	0	,	11/07/2010
4	,	Producto303	,	312	,	355.36	,	0	,	21/02/2012
1	,	Producto304	,	313	,	1542.25	,	0	,	01/03/2013
2	,	Producto305	,	314	,	5521.47	,	0	,	02/02/2000
3	,	Producto306	,	315	,	1000.1	,	0	,	11/07/2010
4	,	Producto307	,	316	,	2500.25	,	0	,	21/02/2012
1	,	Producto308	,	317	,	355.36	,	0	,	01/03/2013
2	,	Producto309	,	318	,	1542.25	,	0	,	02/02/2000
3	,	Producto310	,	319	,	5521.47	,	0	,	11/07/2010
4	,	Producto311	,	320	,	1000.1	,	0	,	21/02/2012
1	,	Producto312	,	321	,	2500.25	,	0	,	01/03/2013
2	,	Producto313	,	322	,	355.36	,	0	,	02/02/2000
3	,	Producto314	,	323	,	1542.25	,	0	,	11/07/2010
4	,	Producto315	,	324	,	5521.47	,	0	,	21/02/2012
1	,	Producto316	,	325	,	1000.1	,	0	,	01/03/2013
2	,	Producto317	,	326	,	2500.25	,	0	,	02/02/2000
3	,	Producto318	,	327	,	355.36	,	0	,	11/07/2010
4	,	Producto319	,	328	,	1542.25	,	0	,	21/02/2012
1	,	Producto320	,	329	,	5521.47	,	0	,	01/03/2013
2	,	Producto321	,	330	,	1000.1	,	0	,	02/02/2000
3	,	Producto322	,	331	,	2500.25	,	0	,	11/07/2010
4	,	Producto323	,	332	,	355.36	,	0	,	21/02/2012
1	,	Producto324	,	333	,	1542.25	,	0	,	01/03/2013
2	,	Producto325	,	334	,	5521.47	,	0	,	02/02/2000
3	,	Producto326	,	335	,	1000.1	,	0	,	11/07/2010
4	,	Producto327	,	336	,	2500.25	,	0	,	21/02/2012
1	,	Producto328	,	337	,	355.36	,	0	,	01/03/2013
2	,	Producto329	,	338	,	1542.25	,	0	,	02/02/2000
3	,	Producto330	,	339	,	5521.47	,	0	,	11/07/2010
4	,	Producto331	,	340	,	1000.1	,	0	,	21/02/2012
1	,	Producto332	,	341	,	2500.25	,	0	,	01/03/2013
2	,	Producto333	,	342	,	355.36	,	0	,	02/02/2000
3	,	Producto334	,	343	,	1542.25	,	0	,	11/07/2010
4	,	Producto335	,	344	,	5521.47	,	0	,	21/02/2012
1	,	Producto336	,	345	,	1000.1	,	0	,	01/03/2013
2	,	Producto337	,	346	,	2500.25	,	0	,	02/02/2000
3	,	Producto338	,	347	,	355.36	,	0	,	11/07/2010
4	,	Producto339	,	348	,	1542.25	,	0	,	21/02/2012
1	,	Producto340	,	349	,	5521.47	,	0	,	01/03/2013
2	,	Producto341	,	350	,	1000.1	,	0	,	02/02/2000
3	,	Producto342	,	351	,	2500.25	,	0	,	11/07/2010
4	,	Producto343	,	352	,	355.36	,	0	,	21/02/2012
1	,	Producto344	,	353	,	1542.25	,	0	,	01/03/2013
2	,	Producto345	,	354	,	5521.47	,	0	,	02/02/2000
3	,	Producto346	,	355	,	1000.1	,	0	,	11/07/2010
4	,	Producto347	,	356	,	2500.25	,	0	,	21/02/2012
1	,	Producto348	,	357	,	355.36	,	0	,	01/03/2013
2	,	Producto349	,	358	,	1542.25	,	0	,	02/02/2000
3	,	Producto350	,	359	,	5521.47	,	0	,	11/07/2010
4	,	Producto351	,	360	,	1000.1	,	0	,	21/02/2012
1	,	Producto352	,	361	,	2500.25	,	0	,	01/03/2013
2	,	Producto353	,	362	,	355.36	,	0	,	02/02/2000
3	,	Producto354	,	363	,	1542.25	,	0	,	11/07/2010
4	,	Producto355	,	364	,	5521.47	,	0	,	21/02/2012
1	,	Producto356	,	365	,	1000.1	,	0	,	01/03/2013
2	,	Producto357	,	366	,	2500.25	,	0	,	02/02/2000
3	,	Producto358	,	367	,	355.36	,	0	,	11/07/2010
4	,	Producto359	,	368	,	1542.25	,	0	,	21/02/2012
1	,	Producto360	,	369	,	5521.47	,	0	,	01/03/2013
2	,	Producto361	,	370	,	1000.1	,	0	,	02/02/2000
3	,	Producto362	,	371	,	2500.25	,	0	,	11/07/2010
4	,	Producto363	,	372	,	355.36	,	0	,	21/02/2012
1	,	Producto364	,	373	,	1542.25	,	0	,	01/03/2013
2	,	Producto365	,	374	,	5521.47	,	0	,	02/02/2000
3	,	Producto366	,	375	,	1000.1	,	0	,	11/07/2010
4	,	Producto367	,	376	,	2500.25	,	0	,	21/02/2012
1	,	Producto368	,	377	,	355.36	,	0	,	01/03/2013
2	,	Producto369	,	378	,	1542.25	,	0	,	02/02/2000
3	,	Producto370	,	379	,	5521.47	,	0	,	11/07/2010
4	,	Producto371	,	380	,	1000.1	,	0	,	21/02/2012
1	,	Producto372	,	381	,	2500.25	,	0	,	01/03/2013
2	,	Producto373	,	382	,	355.36	,	0	,	02/02/2000
3	,	Producto374	,	383	,	1542.25	,	0	,	11/07/2010
4	,	Producto375	,	384	,	5521.47	,	0	,	21/02/2012
1	,	Producto376	,	385	,	1000.1	,	0	,	01/03/2013
2	,	Producto377	,	386	,	2500.25	,	0	,	02/02/2000
3	,	Producto378	,	387	,	355.36	,	0	,	11/07/2010
4	,	Producto379	,	388	,	1542.25	,	0	,	21/02/2012
1	,	Producto380	,	389	,	5521.47	,	0	,	01/03/2013
2	,	Producto381	,	390	,	1000.1	,	0	,	02/02/2000
3	,	Producto382	,	391	,	2500.25	,	0	,	11/07/2010
4	,	Producto383	,	392	,	355.36	,	0	,	21/02/2012
1	,	Producto384	,	393	,	1542.25	,	0	,	01/03/2013
2	,	Producto385	,	394	,	5521.47	,	0	,	02/02/2000
3	,	Producto386	,	395	,	1000.1	,	0	,	11/07/2010
4	,	Producto387	,	396	,	2500.25	,	0	,	21/02/2012
1	,	Producto388	,	397	,	355.36	,	0	,	01/03/2013
2	,	Producto389	,	398	,	1542.25	,	0	,	02/02/2000
3	,	Producto390	,	399	,	5521.47	,	0	,	11/07/2010
4	,	Producto391	,	400	,	1000.1	,	0	,	21/02/2012
1	,	Producto392	,	401	,	2500.25	,	0	,	01/03/2013
2	,	Producto393	,	402	,	355.36	,	0	,	02/02/2000
3	,	Producto394	,	403	,	1542.25	,	0	,	11/07/2010
4	,	Producto395	,	404	,	5521.47	,	0	,	21/02/2012
1	,	Producto396	,	405	,	1000.1	,	0	,	01/03/2013
2	,	Producto397	,	406	,	2500.25	,	0	,	02/02/2000
3	,	Producto398	,	407	,	355.36	,	0	,	11/07/2010
1	,	Producto399	,	408	,	1542.25	,	0	,	21/02/2012
2	,	Producto400	,	409	,	5521.47	,	0	,	01/03/2013
3	,	Producto401	,	410	,	1000.1	,	0	,	02/02/2000
4	,	Producto402	,	411	,	2500.25	,	0	,	11/07/2010
1	,	Producto403	,	412	,	355.36	,	0	,	21/02/2012
2	,	Producto404	,	413	,	1542.25	,	0	,	01/03/2013
3	,	Producto405	,	414	,	5521.47	,	0	,	02/02/2000
4	,	Producto406	,	415	,	1000.1	,	0	,	11/07/2010
1	,	Producto407	,	416	,	2500.25	,	0	,	21/02/2012
2	,	Producto408	,	417	,	355.36	,	0	,	01/03/2013
3	,	Producto409	,	418	,	1542.25	,	0	,	02/02/2000
4	,	Producto410	,	419	,	5521.47	,	0	,	11/07/2010
1	,	Producto411	,	420	,	1000.1	,	0	,	21/02/2012
2	,	Producto412	,	421	,	2500.25	,	0	,	01/03/2013
3	,	Producto413	,	422	,	355.36	,	0	,	02/02/2000
4	,	Producto414	,	423	,	1542.25	,	0	,	11/07/2010
1	,	Producto415	,	424	,	5521.47	,	0	,	21/02/2012
2	,	Producto416	,	425	,	1000.1	,	0	,	01/03/2013
3	,	Producto417	,	426	,	2500.25	,	0	,	02/02/2000
4	,	Producto418	,	427	,	355.36	,	0	,	11/07/2010
1	,	Producto419	,	428	,	1542.25	,	0	,	21/02/2012
2	,	Producto420	,	429	,	5521.47	,	0	,	01/03/2013
3	,	Producto421	,	430	,	1000.1	,	0	,	02/02/2000
4	,	Producto422	,	431	,	2500.25	,	0	,	11/07/2010
1	,	Producto423	,	432	,	355.36	,	0	,	21/02/2012
2	,	Producto424	,	433	,	1542.25	,	0	,	01/03/2013
3	,	Producto425	,	434	,	5521.47	,	0	,	02/02/2000
4	,	Producto426	,	435	,	1000.1	,	0	,	11/07/2010
1	,	Producto427	,	436	,	2500.25	,	0	,	21/02/2012
2	,	Producto428	,	437	,	355.36	,	0	,	01/03/2013
3	,	Producto429	,	438	,	1542.25	,	0	,	02/02/2000
4	,	Producto430	,	439	,	5521.47	,	0	,	11/07/2010
1	,	Producto431	,	440	,	1000.1	,	0	,	21/02/2012
2	,	Producto432	,	441	,	2500.25	,	0	,	01/03/2013
3	,	Producto433	,	442	,	355.36	,	0	,	02/02/2000
4	,	Producto434	,	443	,	1542.25	,	0	,	11/07/2010
1	,	Producto435	,	444	,	5521.47	,	0	,	21/02/2012
2	,	Producto436	,	445	,	1000.1	,	0	,	01/03/2013
3	,	Producto437	,	446	,	2500.25	,	0	,	02/02/2000
4	,	Producto438	,	447	,	355.36	,	0	,	11/07/2010
1	,	Producto439	,	448	,	1542.25	,	0	,	21/02/2012
2	,	Producto440	,	449	,	5521.47	,	0	,	01/03/2013
3	,	Producto441	,	450	,	1000.1	,	0	,	02/02/2000
4	,	Producto442	,	451	,	2500.25	,	0	,	11/07/2010
1	,	Producto443	,	452	,	355.36	,	0	,	21/02/2012
2	,	Producto444	,	453	,	1542.25	,	0	,	01/03/2013
3	,	Producto445	,	454	,	5521.47	,	0	,	02/02/2000
4	,	Producto446	,	455	,	1000.1	,	0	,	11/07/2010
1	,	Producto447	,	456	,	2500.25	,	0	,	21/02/2012
2	,	Producto448	,	457	,	355.36	,	0	,	01/03/2013
3	,	Producto449	,	458	,	1542.25	,	0	,	02/02/2000
4	,	Producto450	,	459	,	5521.47	,	0	,	11/07/2010
1	,	Producto451	,	460	,	1000.1	,	0	,	21/02/2012
2	,	Producto452	,	461	,	2500.25	,	0	,	01/03/2013
3	,	Producto453	,	462	,	355.36	,	0	,	02/02/2000
4	,	Producto454	,	463	,	1542.25	,	0	,	11/07/2010
1	,	Producto455	,	464	,	5521.47	,	0	,	21/02/2012
2	,	Producto456	,	465	,	1000.1	,	0	,	01/03/2013
3	,	Producto457	,	466	,	2500.25	,	0	,	02/02/2000
4	,	Producto458	,	467	,	355.36	,	0	,	11/07/2010
1	,	Producto459	,	468	,	1542.25	,	0	,	21/02/2012
2	,	Producto460	,	469	,	5521.47	,	0	,	01/03/2013
3	,	Producto461	,	470	,	1000.1	,	0	,	02/02/2000
4	,	Producto462	,	471	,	2500.25	,	0	,	11/07/2010
1	,	Producto463	,	472	,	355.36	,	0	,	21/02/2012
2	,	Producto464	,	473	,	1542.25	,	0	,	01/03/2013
3	,	Producto465	,	474	,	5521.47	,	0	,	02/02/2000
4	,	Producto466	,	475	,	1000.1	,	0	,	11/07/2010
1	,	Producto467	,	476	,	2500.25	,	0	,	21/02/2012
2	,	Producto468	,	477	,	355.36	,	0	,	01/03/2013
3	,	Producto469	,	478	,	1542.25	,	0	,	02/02/2000
4	,	Producto470	,	479	,	5521.47	,	0	,	11/07/2010
1	,	Producto471	,	480	,	1000.1	,	0	,	21/02/2012
2	,	Producto472	,	481	,	2500.25	,	0	,	01/03/2013
3	,	Producto473	,	482	,	355.36	,	0	,	02/02/2000
4	,	Producto474	,	483	,	1542.25	,	0	,	11/07/2010
1	,	Producto475	,	484	,	5521.47	,	0	,	21/02/2012
2	,	Producto476	,	485	,	1000.1	,	0	,	01/03/2013
3	,	Producto477	,	486	,	2500.25	,	0	,	02/02/2000
4	,	Producto478	,	487	,	355.36	,	0	,	11/07/2010
1	,	Producto479	,	488	,	1542.25	,	0	,	21/02/2012
2	,	Producto480	,	489	,	5521.47	,	0	,	01/03/2013
3	,	Producto481	,	490	,	1000.1	,	0	,	02/02/2000
4	,	Producto482	,	491	,	2500.25	,	0	,	11/07/2010
1	,	Producto483	,	492	,	355.36	,	0	,	21/02/2012
2	,	Producto484	,	493	,	1542.25	,	0	,	01/03/2013
3	,	Producto485	,	494	,	5521.47	,	0	,	02/02/2000
4	,	Producto486	,	495	,	1000.1	,	0	,	11/07/2010
1	,	Producto487	,	496	,	2500.25	,	0	,	21/02/2012
2	,	Producto488	,	497	,	355.36	,	0	,	01/03/2013
3	,	Producto489	,	498	,	1542.25	,	0	,	02/02/2000
4	,	Producto490	,	499	,	5521.47	,	0	,	11/07/2010
1	,	Producto491	,	500	,	1000.1	,	0	,	21/02/2012
2	,	Producto492	,	501	,	2500.25	,	0	,	01/03/2013
3	,	Producto493	,	502	,	355.36	,	0	,	02/02/2000
4	,	Producto494	,	503	,	1542.25	,	0	,	11/07/2010
1	,	Producto495	,	504	,	5521.47	,	0	,	21/02/2012
2	,	Producto496	,	505	,	1000.1	,	0	,	01/03/2013
3	,	Producto497	,	506	,	2500.25	,	0	,	02/02/2000
4	,	Producto498	,	507	,	355.36	,	0	,	11/07/2010
1	,	Producto499	,	508	,	1542.25	,	0	,	21/02/2012
2	,	Producto500	,	509	,	5521.47	,	0	,	01/03/2013
3	,	Producto501	,	510	,	1000.1	,	0	,	02/02/2000
4	,	Producto502	,	511	,	2500.25	,	0	,	11/07/2010
1	,	Producto503	,	512	,	355.36	,	0	,	21/02/2012
2	,	Producto504	,	513	,	1542.25	,	0	,	01/03/2013
3	,	Producto505	,	514	,	5521.47	,	0	,	02/02/2000
4	,	Producto506	,	515	,	1000.1	,	0	,	11/07/2010
1	,	Producto507	,	516	,	2500.25	,	0	,	21/02/2012
2	,	Producto508	,	517	,	355.36	,	0	,	01/03/2013
3	,	Producto509	,	518	,	1542.25	,	0	,	02/02/2000
4	,	Producto510	,	519	,	5521.47	,	0	,	11/07/2010
1	,	Producto511	,	520	,	1000.1	,	0	,	21/02/2012
2	,	Producto512	,	521	,	2500.25	,	0	,	01/03/2013
3	,	Producto513	,	522	,	355.36	,	0	,	02/02/2000
4	,	Producto514	,	523	,	1542.25	,	0	,	11/07/2010
1	,	Producto515	,	524	,	5521.47	,	0	,	21/02/2012
2	,	Producto516	,	525	,	1000.1	,	0	,	01/03/2013
3	,	Producto517	,	526	,	2500.25	,	0	,	02/02/2000
4	,	Producto518	,	527	,	355.36	,	0	,	11/07/2010
1	,	Producto519	,	528	,	1542.25	,	0	,	21/02/2012
2	,	Producto520	,	529	,	5521.47	,	0	,	01/03/2013
3	,	Producto521	,	530	,	1000.1	,	0	,	02/02/2000
4	,	Producto522	,	531	,	2500.25	,	0	,	11/07/2010
1	,	Producto523	,	532	,	355.36	,	0	,	21/02/2012
2	,	Producto524	,	533	,	1542.25	,	0	,	01/03/2013
3	,	Producto525	,	534	,	5521.47	,	0	,	02/02/2000
4	,	Producto526	,	535	,	1000.1	,	0	,	11/07/2010
1	,	Producto527	,	536	,	2500.25	,	0	,	21/02/2012
2	,	Producto528	,	537	,	355.36	,	0	,	01/03/2013
3	,	Producto529	,	538	,	1542.25	,	0	,	02/02/2000
4	,	Producto530	,	539	,	5521.47	,	0	,	11/07/2010
1	,	Producto531	,	540	,	1000.1	,	0	,	21/02/2012
2	,	Producto532	,	541	,	2500.25	,	0	,	01/03/2013
3	,	Producto533	,	542	,	355.36	,	0	,	02/02/2000
4	,	Producto534	,	543	,	1542.25	,	0	,	11/07/2010
1	,	Producto535	,	544	,	5521.47	,	0	,	21/02/2012
2	,	Producto536	,	545	,	1000.1	,	0	,	01/03/2013
3	,	Producto537	,	546	,	2500.25	,	0	,	02/02/2000
4	,	Producto538	,	547	,	355.36	,	0	,	11/07/2010
1	,	Producto539	,	548	,	1542.25	,	0	,	21/02/2012
2	,	Producto540	,	549	,	5521.47	,	0	,	01/03/2013
3	,	Producto541	,	550	,	1000.1	,	0	,	02/02/2000
4	,	Producto542	,	551	,	2500.25	,	0	,	11/07/2010
1	,	Producto543	,	552	,	355.36	,	0	,	21/02/2012
2	,	Producto544	,	553	,	1542.25	,	0	,	01/03/2013
3	,	Producto545	,	554	,	5521.47	,	0	,	02/02/2000
4	,	Producto546	,	555	,	1000.1	,	0	,	11/07/2010
1	,	Producto547	,	556	,	2500.25	,	0	,	21/02/2012
2	,	Producto548	,	557	,	355.36	,	0	,	01/03/2013
3	,	Producto549	,	558	,	1542.25	,	0	,	02/02/2000
4	,	Producto550	,	559	,	5521.47	,	0	,	11/07/2010
1	,	Producto551	,	560	,	1000.1	,	0	,	21/02/2012
2	,	Producto552	,	561	,	2500.25	,	0	,	01/03/2013
3	,	Producto553	,	562	,	355.36	,	0	,	02/02/2000
4	,	Producto554	,	563	,	1542.25	,	0	,	11/07/2010
1	,	Producto555	,	564	,	5521.47	,	0	,	21/02/2012
2	,	Producto556	,	565	,	1000.1	,	0	,	01/03/2013
3	,	Producto557	,	566	,	2500.25	,	0	,	02/02/2000
4	,	Producto558	,	567	,	355.36	,	0	,	11/07/2010
1	,	Producto559	,	568	,	1542.25	,	0	,	21/02/2012
2	,	Producto560	,	569	,	5521.47	,	0	,	01/03/2013
3	,	Producto561	,	570	,	1000.1	,	0	,	02/02/2000
4	,	Producto562	,	571	,	2500.25	,	0	,	11/07/2010
1	,	Producto563	,	572	,	355.36	,	0	,	21/02/2012
2	,	Producto564	,	573	,	1542.25	,	0	,	01/03/2013
3	,	Producto565	,	574	,	5521.47	,	0	,	02/02/2000
4	,	Producto566	,	575	,	1000.1	,	0	,	11/07/2010
1	,	Producto567	,	576	,	2500.25	,	0	,	21/02/2012
2	,	Producto568	,	577	,	355.36	,	0	,	01/03/2013
3	,	Producto569	,	578	,	1542.25	,	0	,	02/02/2000
4	,	Producto570	,	579	,	5521.47	,	0	,	11/07/2010
1	,	Producto571	,	580	,	1000.1	,	0	,	21/02/2012
2	,	Producto572	,	581	,	2500.25	,	0	,	01/03/2013
3	,	Producto573	,	582	,	355.36	,	0	,	02/02/2000
4	,	Producto574	,	583	,	1542.25	,	0	,	11/07/2010
1	,	Producto575	,	584	,	5521.47	,	0	,	21/02/2012
2	,	Producto576	,	585	,	1000.1	,	0	,	01/03/2013
3	,	Producto577	,	586	,	2500.25	,	0	,	02/02/2000
4	,	Producto578	,	587	,	355.36	,	0	,	11/07/2010
1	,	Producto579	,	588	,	1542.25	,	0	,	21/02/2012
2	,	Producto580	,	589	,	5521.47	,	0	,	01/03/2013
3	,	Producto581	,	590	,	1000.1	,	0	,	02/02/2000
4	,	Producto582	,	591	,	2500.25	,	0	,	11/07/2010
1	,	Producto583	,	592	,	355.36	,	0	,	21/02/2012
2	,	Producto584	,	593	,	1542.25	,	0	,	01/03/2013
3	,	Producto585	,	594	,	5521.47	,	0	,	02/02/2000
4	,	Producto586	,	595	,	1000.1	,	0	,	11/07/2010
1	,	Producto587	,	596	,	2500.25	,	0	,	21/02/2012
2	,	Producto588	,	597	,	355.36	,	0	,	01/03/2013
3	,	Producto589	,	598	,	1542.25	,	0	,	02/02/2000
4	,	Producto590	,	599	,	5521.47	,	0	,	11/07/2010
1	,	Producto591	,	600	,	1000.1	,	0	,	21/02/2012
2	,	Producto592	,	601	,	2500.25	,	0	,	01/03/2013
3	,	Producto593	,	602	,	355.36	,	0	,	02/02/2000
4	,	Producto594	,	603	,	1542.25	,	0	,	11/07/2010
1	,	Producto595	,	604	,	5521.47	,	0	,	21/02/2012
2	,	Producto596	,	605	,	1000.1	,	0	,	01/03/2013
3	,	Producto597	,	606	,	2500.25	,	0	,	02/02/2000
1	,	Producto598	,	607	,	355.36	,	0	,	11/07/2010
2	,	Producto599	,	608	,	1542.25	,	0	,	21/02/2012
3	,	Producto600	,	609	,	5521.47	,	0	,	01/03/2013
4	,	Producto601	,	610	,	1000.1	,	0	,	02/02/2000
1	,	Producto602	,	611	,	2500.25	,	0	,	11/07/2010
2	,	Producto603	,	612	,	355.36	,	0	,	21/02/2012
3	,	Producto604	,	613	,	1542.25	,	0	,	01/03/2013
4	,	Producto605	,	614	,	5521.47	,	0	,	02/02/2000
1	,	Producto606	,	615	,	1000.1	,	0	,	11/07/2010
2	,	Producto607	,	616	,	2500.25	,	0	,	21/02/2012
3	,	Producto608	,	617	,	355.36	,	0	,	01/03/2013
4	,	Producto609	,	618	,	1542.25	,	0	,	02/02/2000
1	,	Producto610	,	619	,	5521.47	,	0	,	11/07/2010
2	,	Producto611	,	620	,	1000.1	,	0	,	21/02/2012
3	,	Producto612	,	621	,	2500.25	,	0	,	01/03/2013
4	,	Producto613	,	622	,	355.36	,	0	,	02/02/2000
1	,	Producto614	,	623	,	1542.25	,	0	,	11/07/2010
2	,	Producto615	,	624	,	5521.47	,	0	,	21/02/2012
3	,	Producto616	,	625	,	1000.1	,	0	,	01/03/2013
4	,	Producto617	,	626	,	2500.25	,	0	,	02/02/2000
1	,	Producto618	,	627	,	355.36	,	0	,	11/07/2010
2	,	Producto619	,	628	,	1542.25	,	0	,	21/02/2012
3	,	Producto620	,	629	,	5521.47	,	0	,	01/03/2013
4	,	Producto621	,	630	,	1000.1	,	0	,	02/02/2000
1	,	Producto622	,	631	,	2500.25	,	0	,	11/07/2010
2	,	Producto623	,	632	,	355.36	,	0	,	21/02/2012
3	,	Producto624	,	633	,	1542.25	,	0	,	01/03/2013
4	,	Producto625	,	634	,	5521.47	,	0	,	02/02/2000
1	,	Producto626	,	635	,	1000.1	,	0	,	11/07/2010
2	,	Producto627	,	636	,	2500.25	,	0	,	21/02/2012
3	,	Producto628	,	637	,	355.36	,	0	,	01/03/2013
4	,	Producto629	,	638	,	1542.25	,	0	,	02/02/2000
1	,	Producto630	,	639	,	5521.47	,	0	,	11/07/2010
2	,	Producto631	,	640	,	1000.1	,	0	,	21/02/2012
3	,	Producto632	,	641	,	2500.25	,	0	,	01/03/2013
4	,	Producto633	,	642	,	355.36	,	0	,	02/02/2000
1	,	Producto634	,	643	,	1542.25	,	0	,	11/07/2010
2	,	Producto635	,	644	,	5521.47	,	0	,	21/02/2012
3	,	Producto636	,	645	,	1000.1	,	0	,	01/03/2013
4	,	Producto637	,	646	,	2500.25	,	0	,	02/02/2000
1	,	Producto638	,	647	,	355.36	,	0	,	11/07/2010
2	,	Producto639	,	648	,	1542.25	,	0	,	21/02/2012
3	,	Producto640	,	649	,	5521.47	,	0	,	01/03/2013
4	,	Producto641	,	650	,	1000.1	,	0	,	02/02/2000
1	,	Producto642	,	651	,	2500.25	,	0	,	11/07/2010
2	,	Producto643	,	652	,	355.36	,	0	,	21/02/2012
3	,	Producto644	,	653	,	1542.25	,	0	,	01/03/2013
4	,	Producto645	,	654	,	5521.47	,	0	,	02/02/2000
1	,	Producto646	,	655	,	1000.1	,	0	,	11/07/2010
2	,	Producto647	,	656	,	2500.25	,	0	,	21/02/2012
3	,	Producto648	,	657	,	355.36	,	0	,	01/03/2013
4	,	Producto649	,	658	,	1542.25	,	0	,	02/02/2000
1	,	Producto650	,	659	,	5521.47	,	0	,	11/07/2010
2	,	Producto651	,	660	,	1000.1	,	0	,	21/02/2012
3	,	Producto652	,	661	,	2500.25	,	0	,	01/03/2013
4	,	Producto653	,	662	,	355.36	,	0	,	02/02/2000
1	,	Producto654	,	663	,	1542.25	,	0	,	11/07/2010
2	,	Producto655	,	664	,	5521.47	,	0	,	21/02/2012
3	,	Producto656	,	665	,	1000.1	,	0	,	01/03/2013
4	,	Producto657	,	666	,	2500.25	,	0	,	02/02/2000
1	,	Producto658	,	667	,	355.36	,	0	,	11/07/2010
2	,	Producto659	,	668	,	1542.25	,	0	,	21/02/2012
3	,	Producto660	,	669	,	5521.47	,	0	,	01/03/2013
4	,	Producto661	,	670	,	1000.1	,	0	,	02/02/2000
1	,	Producto662	,	671	,	2500.25	,	0	,	11/07/2010
2	,	Producto663	,	672	,	355.36	,	0	,	21/02/2012
3	,	Producto664	,	673	,	1542.25	,	0	,	01/03/2013
4	,	Producto665	,	674	,	5521.47	,	0	,	02/02/2000
1	,	Producto666	,	675	,	1000.1	,	0	,	11/07/2010
2	,	Producto667	,	676	,	2500.25	,	0	,	21/02/2012
3	,	Producto668	,	677	,	355.36	,	0	,	01/03/2013
4	,	Producto669	,	678	,	1542.25	,	0	,	02/02/2000
1	,	Producto670	,	679	,	5521.47	,	0	,	11/07/2010
2	,	Producto671	,	680	,	1000.1	,	0	,	21/02/2012
3	,	Producto672	,	681	,	2500.25	,	0	,	01/03/2013
4	,	Producto673	,	682	,	355.36	,	0	,	02/02/2000
1	,	Producto674	,	683	,	1542.25	,	0	,	11/07/2010
2	,	Producto675	,	684	,	5521.47	,	0	,	21/02/2012
3	,	Producto676	,	685	,	1000.1	,	0	,	01/03/2013
4	,	Producto677	,	686	,	2500.25	,	0	,	02/02/2000
1	,	Producto678	,	687	,	355.36	,	0	,	11/07/2010
2	,	Producto679	,	688	,	1542.25	,	0	,	21/02/2012
3	,	Producto680	,	689	,	5521.47	,	0	,	01/03/2013
4	,	Producto681	,	690	,	1000.1	,	0	,	02/02/2000
1	,	Producto682	,	691	,	2500.25	,	0	,	11/07/2010
2	,	Producto683	,	692	,	355.36	,	0	,	21/02/2012
3	,	Producto684	,	693	,	1542.25	,	0	,	01/03/2013
4	,	Producto685	,	694	,	5521.47	,	0	,	02/02/2000
1	,	Producto686	,	695	,	1000.1	,	0	,	11/07/2010
2	,	Producto687	,	696	,	2500.25	,	0	,	21/02/2012
3	,	Producto688	,	697	,	355.36	,	0	,	01/03/2013
4	,	Producto689	,	698	,	1542.25	,	0	,	02/02/2000
1	,	Producto690	,	699	,	5521.47	,	0	,	11/07/2010
2	,	Producto691	,	700	,	1000.1	,	0	,	21/02/2012
3	,	Producto692	,	701	,	2500.25	,	0	,	01/03/2013
4	,	Producto693	,	702	,	355.36	,	0	,	02/02/2000
1	,	Producto694	,	703	,	1542.25	,	0	,	11/07/2010
2	,	Producto695	,	704	,	5521.47	,	0	,	21/02/2012
3	,	Producto696	,	705	,	1000.1	,	0	,	01/03/2013
4	,	Producto697	,	706	,	2500.25	,	0	,	02/02/2000
1	,	Producto698	,	707	,	355.36	,	0	,	11/07/2010
2	,	Producto699	,	708	,	1542.25	,	0	,	21/02/2012
3	,	Producto700	,	709	,	5521.47	,	0	,	01/03/2013
4	,	Producto701	,	710	,	1000.1	,	0	,	02/02/2000
1	,	Producto702	,	711	,	2500.25	,	0	,	11/07/2010
2	,	Producto703	,	712	,	355.36	,	0	,	21/02/2012
3	,	Producto704	,	713	,	1542.25	,	0	,	01/03/2013
4	,	Producto705	,	714	,	5521.47	,	0	,	02/02/2000
1	,	Producto706	,	715	,	1000.1	,	0	,	11/07/2010
2	,	Producto707	,	716	,	2500.25	,	0	,	21/02/2012
3	,	Producto708	,	717	,	355.36	,	0	,	01/03/2013
4	,	Producto709	,	718	,	1542.25	,	0	,	02/02/2000
1	,	Producto710	,	719	,	5521.47	,	0	,	11/07/2010
2	,	Producto711	,	720	,	1000.1	,	0	,	21/02/2012
3	,	Producto712	,	721	,	2500.25	,	0	,	01/03/2013
4	,	Producto713	,	722	,	355.36	,	0	,	02/02/2000
1	,	Producto714	,	723	,	1542.25	,	0	,	11/07/2010
2	,	Producto715	,	724	,	5521.47	,	0	,	21/02/2012
3	,	Producto716	,	725	,	1000.1	,	0	,	01/03/2013
4	,	Producto717	,	726	,	2500.25	,	0	,	02/02/2000
1	,	Producto718	,	727	,	355.36	,	0	,	11/07/2010
2	,	Producto719	,	728	,	1542.25	,	0	,	21/02/2012
3	,	Producto720	,	729	,	5521.47	,	0	,	01/03/2013
4	,	Producto721	,	730	,	1000.1	,	0	,	02/02/2000
1	,	Producto722	,	731	,	2500.25	,	0	,	11/07/2010
2	,	Producto723	,	732	,	355.36	,	0	,	21/02/2012
3	,	Producto724	,	733	,	1542.25	,	0	,	01/03/2013
4	,	Producto725	,	734	,	5521.47	,	0	,	02/02/2000
1	,	Producto726	,	735	,	1000.1	,	0	,	11/07/2010
2	,	Producto727	,	736	,	2500.25	,	0	,	21/02/2012
3	,	Producto728	,	737	,	355.36	,	0	,	01/03/2013
4	,	Producto729	,	738	,	1542.25	,	0	,	02/02/2000
1	,	Producto730	,	739	,	5521.47	,	0	,	11/07/2010
2	,	Producto731	,	740	,	1000.1	,	0	,	21/02/2012
3	,	Producto732	,	741	,	2500.25	,	0	,	01/03/2013
4	,	Producto733	,	742	,	355.36	,	0	,	02/02/2000
1	,	Producto734	,	743	,	1542.25	,	0	,	11/07/2010
2	,	Producto735	,	744	,	5521.47	,	0	,	21/02/2012
3	,	Producto736	,	745	,	1000.1	,	0	,	01/03/2013
4	,	Producto737	,	746	,	2500.25	,	0	,	02/02/2000
1	,	Producto738	,	747	,	355.36	,	0	,	11/07/2010
2	,	Producto739	,	748	,	1542.25	,	0	,	21/02/2012
3	,	Producto740	,	749	,	5521.47	,	0	,	01/03/2013
4	,	Producto741	,	750	,	1000.1	,	0	,	02/02/2000
1	,	Producto742	,	751	,	2500.25	,	0	,	11/07/2010
2	,	Producto743	,	752	,	355.36	,	0	,	21/02/2012
3	,	Producto744	,	753	,	1542.25	,	0	,	01/03/2013
4	,	Producto745	,	754	,	5521.47	,	0	,	02/02/2000
1	,	Producto746	,	755	,	1000.1	,	0	,	11/07/2010
2	,	Producto747	,	756	,	2500.25	,	0	,	21/02/2012
3	,	Producto748	,	757	,	355.36	,	0	,	01/03/2013
4	,	Producto749	,	758	,	1542.25	,	0	,	02/02/2000
1	,	Producto750	,	759	,	5521.47	,	0	,	11/07/2010
2	,	Producto751	,	760	,	1000.1	,	0	,	21/02/2012
3	,	Producto752	,	761	,	2500.25	,	0	,	01/03/2013
4	,	Producto753	,	762	,	355.36	,	0	,	02/02/2000
1	,	Producto754	,	763	,	1542.25	,	0	,	11/07/2010
2	,	Producto755	,	764	,	5521.47	,	0	,	21/02/2012
3	,	Producto756	,	765	,	1000.1	,	0	,	01/03/2013
4	,	Producto757	,	766	,	2500.25	,	0	,	02/02/2000
1	,	Producto758	,	767	,	355.36	,	0	,	11/07/2010
2	,	Producto759	,	768	,	1542.25	,	0	,	21/02/2012
3	,	Producto760	,	769	,	5521.47	,	0	,	01/03/2013
4	,	Producto761	,	770	,	1000.1	,	0	,	02/02/2000
1	,	Producto762	,	771	,	2500.25	,	0	,	11/07/2010
2	,	Producto763	,	772	,	355.36	,	0	,	21/02/2012
3	,	Producto764	,	773	,	1542.25	,	0	,	01/03/2013
4	,	Producto765	,	774	,	5521.47	,	0	,	02/02/2000
1	,	Producto766	,	775	,	1000.1	,	0	,	11/07/2010
2	,	Producto767	,	776	,	2500.25	,	0	,	21/02/2012
3	,	Producto768	,	777	,	355.36	,	0	,	01/03/2013
4	,	Producto769	,	778	,	1542.25	,	0	,	02/02/2000
1	,	Producto770	,	779	,	5521.47	,	0	,	11/07/2010
2	,	Producto771	,	780	,	1000.1	,	0	,	21/02/2012
3	,	Producto772	,	781	,	2500.25	,	0	,	01/03/2013
4	,	Producto773	,	782	,	355.36	,	0	,	02/02/2000
1	,	Producto774	,	783	,	1542.25	,	0	,	11/07/2010
2	,	Producto775	,	784	,	5521.47	,	0	,	21/02/2012
3	,	Producto776	,	785	,	1000.1	,	0	,	01/03/2013
4	,	Producto777	,	786	,	2500.25	,	0	,	02/02/2000
1	,	Producto778	,	787	,	355.36	,	0	,	11/07/2010
2	,	Producto779	,	788	,	1542.25	,	0	,	21/02/2012
3	,	Producto780	,	789	,	5521.47	,	0	,	01/03/2013
4	,	Producto781	,	790	,	1000.1	,	0	,	02/02/2000
1	,	Producto782	,	791	,	2500.25	,	0	,	11/07/2010
2	,	Producto783	,	792	,	355.36	,	0	,	21/02/2012
3	,	Producto784	,	793	,	1542.25	,	0	,	01/03/2013
4	,	Producto785	,	794	,	5521.47	,	0	,	02/02/2000
1	,	Producto786	,	795	,	1000.1	,	0	,	11/07/2010
2	,	Producto787	,	796	,	2500.25	,	0	,	21/02/2012
3	,	Producto788	,	797	,	355.36	,	0	,	01/03/2013
4	,	Producto789	,	798	,	1542.25	,	0	,	02/02/2000
1	,	Producto790	,	799	,	5521.47	,	0	,	11/07/2010
2	,	Producto791	,	800	,	1000.1	,	0	,	21/02/2012
3	,	Producto792	,	801	,	2500.25	,	0	,	01/03/2013
4	,	Producto793	,	802	,	355.36	,	0	,	02/02/2000
1	,	Producto794	,	803	,	1542.25	,	0	,	11/07/2010
2	,	Producto795	,	804	,	5521.47	,	0	,	21/02/2012
3	,	Producto796	,	805	,	1000.1	,	0	,	01/03/2013
1	,	Producto797	,	806	,	2500.25	,	0	,	02/02/2000
2	,	Producto798	,	807	,	355.36	,	0	,	11/07/2010
3	,	Producto799	,	808	,	1542.25	,	0	,	21/02/2012
4	,	Producto800	,	809	,	5521.47	,	0	,	01/03/2013
1	,	Producto801	,	810	,	1000.1	,	0	,	02/02/2000
2	,	Producto802	,	811	,	2500.25	,	0	,	11/07/2010
3	,	Producto803	,	812	,	355.36	,	0	,	21/02/2012
4	,	Producto804	,	813	,	1542.25	,	0	,	01/03/2013
1	,	Producto805	,	814	,	5521.47	,	0	,	02/02/2000
2	,	Producto806	,	815	,	1000.1	,	0	,	11/07/2010
3	,	Producto807	,	816	,	2500.25	,	0	,	21/02/2012
4	,	Producto808	,	817	,	355.36	,	0	,	01/03/2013
1	,	Producto809	,	818	,	1542.25	,	0	,	02/02/2000
2	,	Producto810	,	819	,	5521.47	,	0	,	11/07/2010
3	,	Producto811	,	820	,	1000.1	,	0	,	21/02/2012
4	,	Producto812	,	821	,	2500.25	,	0	,	01/03/2013
1	,	Producto813	,	822	,	355.36	,	0	,	02/02/2000
2	,	Producto814	,	823	,	1542.25	,	0	,	11/07/2010
3	,	Producto815	,	824	,	5521.47	,	0	,	21/02/2012
4	,	Producto816	,	825	,	1000.1	,	0	,	01/03/2013
1	,	Producto817	,	826	,	2500.25	,	0	,	02/02/2000
2	,	Producto818	,	827	,	355.36	,	0	,	11/07/2010
3	,	Producto819	,	828	,	1542.25	,	0	,	21/02/2012
4	,	Producto820	,	829	,	5521.47	,	0	,	01/03/2013
1	,	Producto821	,	830	,	1000.1	,	0	,	02/02/2000
2	,	Producto822	,	831	,	2500.25	,	0	,	11/07/2010
3	,	Producto823	,	832	,	355.36	,	0	,	21/02/2012
4	,	Producto824	,	833	,	1542.25	,	0	,	01/03/2013
1	,	Producto825	,	834	,	5521.47	,	0	,	02/02/2000
2	,	Producto826	,	835	,	1000.1	,	0	,	11/07/2010
3	,	Producto827	,	836	,	2500.25	,	0	,	21/02/2012
4	,	Producto828	,	837	,	355.36	,	0	,	01/03/2013
1	,	Producto829	,	838	,	1542.25	,	0	,	02/02/2000
2	,	Producto830	,	839	,	5521.47	,	0	,	11/07/2010
3	,	Producto831	,	840	,	1000.1	,	0	,	21/02/2012
4	,	Producto832	,	841	,	2500.25	,	0	,	01/03/2013
1	,	Producto833	,	842	,	355.36	,	0	,	02/02/2000
2	,	Producto834	,	843	,	1542.25	,	0	,	11/07/2010
3	,	Producto835	,	844	,	5521.47	,	0	,	21/02/2012
4	,	Producto836	,	845	,	1000.1	,	0	,	01/03/2013
1	,	Producto837	,	846	,	2500.25	,	0	,	02/02/2000
2	,	Producto838	,	847	,	355.36	,	0	,	11/07/2010
3	,	Producto839	,	848	,	1542.25	,	0	,	21/02/2012
4	,	Producto840	,	849	,	5521.47	,	0	,	01/03/2013
1	,	Producto841	,	850	,	1000.1	,	0	,	02/02/2000
2	,	Producto842	,	851	,	2500.25	,	0	,	11/07/2010
3	,	Producto843	,	852	,	355.36	,	0	,	21/02/2012
4	,	Producto844	,	853	,	1542.25	,	0	,	01/03/2013
1	,	Producto845	,	854	,	5521.47	,	0	,	02/02/2000
2	,	Producto846	,	855	,	1000.1	,	0	,	11/07/2010
3	,	Producto847	,	856	,	2500.25	,	0	,	21/02/2012
4	,	Producto848	,	857	,	355.36	,	0	,	01/03/2013
1	,	Producto849	,	858	,	1542.25	,	0	,	02/02/2000
2	,	Producto850	,	859	,	5521.47	,	0	,	11/07/2010
3	,	Producto851	,	860	,	1000.1	,	0	,	21/02/2012
4	,	Producto852	,	861	,	2500.25	,	0	,	01/03/2013
1	,	Producto853	,	862	,	355.36	,	0	,	02/02/2000
2	,	Producto854	,	863	,	1542.25	,	0	,	11/07/2010
3	,	Producto855	,	864	,	5521.47	,	0	,	21/02/2012
4	,	Producto856	,	865	,	1000.1	,	0	,	01/03/2013
1	,	Producto857	,	866	,	2500.25	,	0	,	02/02/2000
2	,	Producto858	,	867	,	355.36	,	0	,	11/07/2010
3	,	Producto859	,	868	,	1542.25	,	0	,	21/02/2012
4	,	Producto860	,	869	,	5521.47	,	0	,	01/03/2013
1	,	Producto861	,	870	,	1000.1	,	0	,	02/02/2000
2	,	Producto862	,	871	,	2500.25	,	0	,	11/07/2010
3	,	Producto863	,	872	,	355.36	,	0	,	21/02/2012
4	,	Producto864	,	873	,	1542.25	,	0	,	01/03/2013
1	,	Producto865	,	874	,	5521.47	,	0	,	02/02/2000
2	,	Producto866	,	875	,	1000.1	,	0	,	11/07/2010
3	,	Producto867	,	876	,	2500.25	,	0	,	21/02/2012
4	,	Producto868	,	877	,	355.36	,	0	,	01/03/2013
1	,	Producto869	,	878	,	1542.25	,	0	,	02/02/2000
2	,	Producto870	,	879	,	5521.47	,	0	,	11/07/2010
3	,	Producto871	,	880	,	1000.1	,	0	,	21/02/2012
4	,	Producto872	,	881	,	2500.25	,	0	,	01/03/2013
1	,	Producto873	,	882	,	355.36	,	0	,	02/02/2000
2	,	Producto874	,	883	,	1542.25	,	0	,	11/07/2010
3	,	Producto875	,	884	,	5521.47	,	0	,	21/02/2012
4	,	Producto876	,	885	,	1000.1	,	0	,	01/03/2013
1	,	Producto877	,	886	,	2500.25	,	0	,	02/02/2000
2	,	Producto878	,	887	,	355.36	,	0	,	11/07/2010
3	,	Producto879	,	888	,	1542.25	,	0	,	21/02/2012
4	,	Producto880	,	889	,	5521.47	,	0	,	01/03/2013
1	,	Producto881	,	890	,	1000.1	,	0	,	02/02/2000
2	,	Producto882	,	891	,	2500.25	,	0	,	11/07/2010
3	,	Producto883	,	892	,	355.36	,	0	,	21/02/2012
4	,	Producto884	,	893	,	1542.25	,	0	,	01/03/2013
1	,	Producto885	,	894	,	5521.47	,	0	,	02/02/2000
2	,	Producto886	,	895	,	1000.1	,	0	,	11/07/2010
3	,	Producto887	,	896	,	2500.25	,	0	,	21/02/2012
4	,	Producto888	,	897	,	355.36	,	0	,	01/03/2013
1	,	Producto889	,	898	,	1542.25	,	0	,	02/02/2000
2	,	Producto890	,	899	,	5521.47	,	0	,	11/07/2010
3	,	Producto891	,	900	,	1000.1	,	0	,	21/02/2012
4	,	Producto892	,	901	,	2500.25	,	0	,	01/03/2013
1	,	Producto893	,	902	,	355.36	,	0	,	02/02/2000
2	,	Producto894	,	903	,	1542.25	,	0	,	11/07/2010
3	,	Producto895	,	904	,	5521.47	,	0	,	21/02/2012
4	,	Producto896	,	905	,	1000.1	,	0	,	01/03/2013
1	,	Producto897	,	906	,	2500.25	,	0	,	02/02/2000
2	,	Producto898	,	907	,	355.36	,	0	,	11/07/2010
3	,	Producto899	,	908	,	1542.25	,	0	,	21/02/2012
4	,	Producto900	,	909	,	5521.47	,	0	,	01/03/2013
1	,	Producto901	,	910	,	1000.1	,	0	,	02/02/2000
2	,	Producto902	,	911	,	2500.25	,	0	,	11/07/2010
3	,	Producto903	,	912	,	355.36	,	0	,	21/02/2012
4	,	Producto904	,	913	,	1542.25	,	0	,	01/03/2013
1	,	Producto905	,	914	,	5521.47	,	0	,	02/02/2000
2	,	Producto906	,	915	,	1000.1	,	0	,	11/07/2010
3	,	Producto907	,	916	,	2500.25	,	0	,	21/02/2012
4	,	Producto908	,	917	,	355.36	,	0	,	01/03/2013
1	,	Producto909	,	918	,	1542.25	,	0	,	02/02/2000
2	,	Producto910	,	919	,	5521.47	,	0	,	11/07/2010
3	,	Producto911	,	920	,	1000.1	,	0	,	21/02/2012
4	,	Producto912	,	921	,	2500.25	,	0	,	01/03/2013
1	,	Producto913	,	922	,	355.36	,	0	,	02/02/2000
2	,	Producto914	,	923	,	1542.25	,	0	,	11/07/2010
3	,	Producto915	,	924	,	5521.47	,	0	,	21/02/2012
4	,	Producto916	,	925	,	1000.1	,	0	,	01/03/2013
1	,	Producto917	,	926	,	2500.25	,	0	,	02/02/2000
2	,	Producto918	,	927	,	355.36	,	0	,	11/07/2010
3	,	Producto919	,	928	,	1542.25	,	0	,	21/02/2012
4	,	Producto920	,	929	,	5521.47	,	0	,	01/03/2013
1	,	Producto921	,	930	,	1000.1	,	0	,	02/02/2000
2	,	Producto922	,	931	,	2500.25	,	0	,	11/07/2010
3	,	Producto923	,	932	,	355.36	,	0	,	21/02/2012
4	,	Producto924	,	933	,	1542.25	,	0	,	01/03/2013
1	,	Producto925	,	934	,	5521.47	,	0	,	02/02/2000
2	,	Producto926	,	935	,	1000.1	,	0	,	11/07/2010
3	,	Producto927	,	936	,	2500.25	,	0	,	21/02/2012
4	,	Producto928	,	937	,	355.36	,	0	,	01/03/2013
1	,	Producto929	,	938	,	1542.25	,	0	,	02/02/2000
2	,	Producto930	,	939	,	5521.47	,	0	,	11/07/2010
3	,	Producto931	,	940	,	1000.1	,	0	,	21/02/2012
4	,	Producto932	,	941	,	2500.25	,	0	,	01/03/2013
1	,	Producto933	,	942	,	355.36	,	0	,	02/02/2000
2	,	Producto934	,	943	,	1542.25	,	0	,	11/07/2010
3	,	Producto935	,	944	,	5521.47	,	0	,	21/02/2012
4	,	Producto936	,	945	,	1000.1	,	0	,	01/03/2013
1	,	Producto937	,	946	,	2500.25	,	0	,	02/02/2000
2	,	Producto938	,	947	,	355.36	,	0	,	11/07/2010
3	,	Producto939	,	948	,	1542.25	,	0	,	21/02/2012
4	,	Producto940	,	949	,	5521.47	,	0	,	01/03/2013
1	,	Producto941	,	950	,	1000.1	,	0	,	02/02/2000
2	,	Producto942	,	951	,	2500.25	,	0	,	11/07/2010
3	,	Producto943	,	952	,	355.36	,	0	,	21/02/2012
4	,	Producto944	,	953	,	1542.25	,	0	,	01/03/2013
1	,	Producto945	,	954	,	5521.47	,	0	,	02/02/2000
2	,	Producto946	,	955	,	1000.1	,	0	,	11/07/2010
3	,	Producto947	,	956	,	2500.25	,	0	,	21/02/2012
4	,	Producto948	,	957	,	355.36	,	0	,	01/03/2013
1	,	Producto949	,	958	,	1542.25	,	0	,	02/02/2000
2	,	Producto950	,	959	,	5521.47	,	0	,	11/07/2010
3	,	Producto951	,	960	,	1000.1	,	0	,	21/02/2012
4	,	Producto952	,	961	,	2500.25	,	0	,	01/03/2013
1	,	Producto953	,	962	,	355.36	,	0	,	02/02/2000
2	,	Producto954	,	963	,	1542.25	,	0	,	11/07/2010
3	,	Producto955	,	964	,	5521.47	,	0	,	21/02/2012
4	,	Producto956	,	965	,	1000.1	,	0	,	01/03/2013
1	,	Producto957	,	966	,	2500.25	,	0	,	02/02/2000
2	,	Producto958	,	967	,	355.36	,	0	,	11/07/2010
3	,	Producto959	,	968	,	1542.25	,	0	,	21/02/2012
4	,	Producto960	,	969	,	5521.47	,	0	,	01/03/2013
1	,	Producto961	,	970	,	1000.1	,	0	,	02/02/2000
2	,	Producto962	,	971	,	2500.25	,	0	,	11/07/2010
3	,	Producto963	,	972	,	355.36	,	0	,	21/02/2012
4	,	Producto964	,	973	,	1542.25	,	0	,	01/03/2013
1	,	Producto965	,	974	,	5521.47	,	0	,	02/02/2000
2	,	Producto966	,	975	,	1000.1	,	0	,	11/07/2010
3	,	Producto967	,	976	,	2500.25	,	0	,	21/02/2012
4	,	Producto968	,	977	,	355.36	,	0	,	01/03/2013
1	,	Producto969	,	978	,	1542.25	,	0	,	02/02/2000
2	,	Producto970	,	979	,	5521.47	,	0	,	11/07/2010
3	,	Producto971	,	980	,	1000.1	,	0	,	21/02/2012
4	,	Producto972	,	981	,	2500.25	,	0	,	01/03/2013
1	,	Producto973	,	982	,	355.36	,	0	,	02/02/2000
2	,	Producto974	,	983	,	1542.25	,	0	,	11/07/2010
3	,	Producto975	,	984	,	5521.47	,	0	,	21/02/2012
4	,	Producto976	,	985	,	1000.1	,	0	,	01/03/2013
1	,	Producto977	,	986	,	2500.25	,	0	,	02/02/2000
2	,	Producto978	,	987	,	355.36	,	0	,	11/07/2010
3	,	Producto979	,	988	,	1542.25	,	0	,	21/02/2012
4	,	Producto980	,	989	,	5521.47	,	0	,	01/03/2013
1	,	Producto981	,	990	,	1000.1	,	0	,	02/02/2000
2	,	Producto982	,	991	,	2500.25	,	0	,	11/07/2010
3	,	Producto983	,	992	,	355.36	,	0	,	21/02/2012
4	,	Producto984	,	993	,	1542.25	,	0	,	01/03/2013
1	,	Producto985	,	994	,	5521.47	,	0	,	02/02/2000
2	,	Producto986	,	995	,	1000.1	,	0	,	11/07/2010
3	,	Producto987	,	996	,	2500.25	,	0	,	21/02/2012
4	,	Producto988	,	997	,	355.36	,	0	,	01/03/2013
1	,	Producto989	,	998	,	1542.25	,	0	,	02/02/2000
2	,	Producto990	,	999	,	5521.47	,	0	,	11/07/2010
3	,	Producto991	,	1000	,	1000.1	,	0	,	21/02/2012
4	,	Producto992	,	1001	,	2500.25	,	0	,	01/03/2013
1	,	Producto993	,	1002	,	355.36	,	0	,	02/02/2000
2	,	Producto994	,	1003	,	1542.25	,	0	,	11/07/2010
3	,	Producto995	,	1004	,	5521.47	,	0	,	21/02/2012
1	,	Producto996	,	1005	,	1000.1	,	0	,	01/03/2013
2	,	Producto997	,	1006	,	2500.25	,	0	,	02/02/2000
3	,	Producto998	,	1007	,	355.36	,	0	,	11/07/2010
4	,	Producto999	,	1008	,	1542.25	,	0	,	21/02/2012
1	,	Producto1000	,	1009	,	5521.47	,	0	,	01/03/2013
2	,	Producto1001	,	1010	,	1000.1	,	0	,	02/02/2000
3	,	Producto1002	,	1011	,	2500.25	,	0	,	11/07/2010
4	,	Producto1003	,	1012	,	355.36	,	0	,	21/02/2012
1	,	Producto1004	,	1013	,	1542.25	,	0	,	01/03/2013
2	,	Producto1005	,	1014	,	5521.47	,	0	,	02/02/2000
3	,	Producto1006	,	1015	,	1000.1	,	0	,	11/07/2010
4	,	Producto1007	,	1016	,	2500.25	,	0	,	21/02/2012
1	,	Producto1008	,	1017	,	355.36	,	0	,	01/03/2013
2	,	Producto1009	,	1018	,	1542.25	,	0	,	02/02/2000
3	,	Producto1010	,	1019	,	5521.47	,	0	,	11/07/2010
4	,	Producto1011	,	1020	,	1000.1	,	0	,	21/02/2012
1	,	Producto1012	,	1021	,	2500.25	,	0	,	01/03/2013
2	,	Producto1013	,	1022	,	355.36	,	0	,	02/02/2000
3	,	Producto1014	,	1023	,	1542.25	,	0	,	11/07/2010
4	,	Producto1015	,	1024	,	5521.47	,	0	,	21/02/2012
1	,	Producto1016	,	1025	,	1000.1	,	0	,	01/03/2013
2	,	Producto1017	,	1026	,	2500.25	,	0	,	02/02/2000
3	,	Producto1018	,	1027	,	355.36	,	0	,	11/07/2010
4	,	Producto1019	,	1028	,	1542.25	,	0	,	21/02/2012
1	,	Producto1020	,	1029	,	5521.47	,	0	,	01/03/2013
2	,	Producto1021	,	1030	,	1000.1	,	0	,	02/02/2000
3	,	Producto1022	,	1031	,	2500.25	,	0	,	11/07/2010
4	,	Producto1023	,	1032	,	355.36	,	0	,	21/02/2012
1	,	Producto1024	,	1033	,	1542.25	,	0	,	01/03/2013
2	,	Producto1025	,	1034	,	5521.47	,	0	,	02/02/2000
3	,	Producto1026	,	1035	,	1000.1	,	0	,	11/07/2010
4	,	Producto1027	,	1036	,	2500.25	,	0	,	21/02/2012
									
									
									
									
									
									
									
									
									
									
									
									
									
									
									
									
									
									
									
									
									
									
									
									
									
									
									
									
									
									
									
									
									
									
									
									
									
									
									
									
									
									
									
									
									
									
									
									
									
									
									
									
									
									
									
									
									
									
									
									
									
									
									
									
									
									
									
									
									
									
									
									
									
									
									
									
									
									
									
									
									
									
									
									
									
									
									
									
									
									
									
									
									
									
									
									
									
									
									
									
									
									
									
									
									
									
									
									
									
									
									
									
									
									
									
									
									
									
									
									
									
									
									
									
									
